Condition,Voltage,Current,Temperature
0,12.105402229028574,1.2010158804571862,27.021383826347545
0,18.47696101766036,9.228798007868006,19.223667320653277
0,5.699595016939316,31.970087490684595,26.006400351846032
0,32.26151306174472,13.278921807347974,83.45379653646954
0,17.214851542698558,10.747552975112113,29.968236276473505
0,11.509978758782651,13.364409126220087,29.776983373817707
0,25.21192122391736,16.613095269745283,34.362140439076796
0,27.076333382145318,10.639192625540737,48.82253332157811
0,26.556533703610278,5.011417360921026,29.52311270140705
0,27.626069846362416,14.524281111644779,47.07836152351818
0,7.10666913530677,13.502092543195046,28.109185949623914
0,7.496099334777302,12.840550869212782,20.58551533102232
0,4.381749928545219,12.799944017363241,74.90744465350528
0,9.859715334788964,15.38138578801885,40.67013750627999
0,34.28440025124267,11.415542713237498,66.99617594759496
0,26.04814880042192,12.532188491932436,51.64743492488248
0,6.528016626950805,23.9067101279332,56.97668478294972
0,19.887123192870213,13.68677927049675,17.29754976135885
0,14.138809672245847,20.87757360800667,20.59216099898491
0,27.02717933046344,16.531669612554854,73.80188062120808
0,24.89271634755888,7.351611161213574,20.980961073678316
0,41.563538358510826,10.289267387560518,51.17910129723765
0,31.116064137466005,10.155062660664347,48.181167429623635
0,15.521160603261427,13.791557401677307,37.25185630951021
0,27.937768210005842,8.0633477352559,69.78120217899385
0,4.0495393235493005,13.421756999937816,77.97783329797156
0,28.103835943666965,14.74885623049526,70.47189081139916
0,15.204883312538325,21.521274872430432,73.19431227062886
0,12.294613589424733,18.203787021743864,77.1598936140933
0,23.723735707525623,4.852654934609708,38.396774600699764
0,41.05195131239505,11.596700079829212,16.367196654403898
0,42.03739349627523,4.498683335239251,19.272220908323646
0,20.19859293227769,13.697524337492728,42.0728187031222
0,21.840444951715643,13.610912923168794,33.34225095088853
0,-7.274654203729856,12.472969006537284,69.13103470850545
0,36.52249308923385,9.291895748657659,83.71785716092239
0,3.092551528114825,19.412362486402266,37.45693355085358
0,10.653422625985216,12.025622603839244,51.91374411873001
0,-6.329503161541005,24.24920241767486,65.44439132072726
0,10.104074078976033,15.447565060325202,62.96894036611002
0,7.321079265428004,7.208142182787511,45.451695320257514
0,0.6014285728881319,4.474049288843627,43.29820128943038
0,30.089938356545026,22.15725989658558,18.206865454477594
0,16.30431168593608,16.94419474421575,67.92428634149441
0,25.08792109564485,11.41519317380489,39.86569447305029
0,21.007200761716916,21.12936232799334,79.14343136735806
0,25.301670845353208,14.61003737358157,29.11663285668252
0,42.539001303405634,17.72217208470833,29.301184620460134
0,20.928534634984192,0.6440095181526537,27.598888536233744
0,20.703514527032446,10.997900166107758,69.79648620560076
0,16.489959483717286,19.248659772477936,58.73139768395896
0,52.34779725127794,8.578853554359094,32.347463953056916
0,34.54750630458107,13.25950826750449,70.99042886863552
0,31.640231720347295,3.4414188803690102,24.168451026439108
0,26.686231310282515,9.004835119002705,39.95167441729434
0,12.641956517543788,8.403264508910484,19.303991176951016
0,20.03406685587352,14.88348670382596,18.141931180972733
0,24.621868684728746,20.882671207755834,84.5661311115311
0,46.114698365441484,6.872963076084471,45.0829523601837
0,39.816578754548814,23.840939904986456,80.89025362325889
0,8.580067184183875,19.5447664209891,80.01478436883312
0,22.701146968052154,7.848819954380945,44.97189243619945
0,37.6088750227387,23.86551839880682,25.5014583455049
0,34.04119791237689,3.1133912808738415,58.44340188479363
0,41.61562176505787,16.09839832544813,78.78791256804446
0,15.229578854437849,12.714189486944111,71.05637685705194
0,13.86269234670644,2.6193794802997754,73.97278332909356
0,9.111189614881456,18.19508700649664,69.14268879355588
0,22.117264559651293,13.99602103027322,73.25954066582067
0,24.474895973538068,13.839148414284459,43.08575911854426
0,13.269024623151584,18.06964445262529,83.19698815534979
0,28.28405201354134,8.600453675968515,66.40354620769648
0,16.12925184389993,11.893634591849755,25.543244682621108
0,20.00625003539084,11.911052770118898,15.628594502870499
0,22.549054245010435,15.482409283377336,70.22438395053634
0,44.860951899591335,6.54104214096225,36.097360245025804
0,22.15054051629696,19.49504095272026,15.374902912233125
0,20.708473540982624,20.058879958781688,39.59578346512185
0,44.49725688742497,11.031544583468316,62.15065003324856
0,3.610950518768238,2.9678992657383247,30.52359577623386
0,31.174401852800926,13.531748569866718,67.02587556694101
0,30.059613396986563,9.948497214823483,23.663956761978994
0,21.070497403285785,15.293948632928242,60.366787602982555
0,25.147003805363596,12.241815168721022,77.74706470704488
0,8.291404380918411,18.317498925589796,48.16897175031656
0,19.9839146434418,-6.564869541110205,31.00156514159592
0,22.025078841820573,16.115178620424967,58.6718757182971
0,17.884504160735165,8.939393114439293,75.20811815209827
0,30.519521362525484,10.727402830818942,25.383686060144036
0,30.658686091502116,23.8979190301968,38.74512437897258
0,23.13278257130901,24.914934645725275,62.172246395880705
0,20.672935241373843,8.973849085006119,74.9059821711105
0,1.2549348596417005,10.554904116024542,47.92160146678107
0,7.323622510021275,20.07246826710856,62.695507685356404
0,14.115289041815448,7.345907871763143,70.15760258093387
0,16.196336110059608,21.94370206931506,56.389646410024135
0,15.897828627258084,3.3112348281578576,35.7358677512729
0,12.949943333875638,23.018249913789475,50.78528954470732
0,9.16865690292905,1.5459864645179824,26.232621787861696
0,22.240045800863147,17.974487947067452,56.157891682322585
0,25.780175634100246,10.391904823863557,20.856485808524354
0,17.705418794619973,12.47259465590934,68.05314044532571
0,46.9320718546122,13.656237665409314,33.30169206496261
0,35.71055540127547,25.84918055239671,72.55370626411988
0,48.91511727829932,15.306281602890444,77.5737179391369
0,24.861963936681335,7.920865565581625,82.19093614991141
0,36.075745473899474,16.21725160567648,68.9655620167066
0,34.26104041071879,14.312360328405926,48.561422620744075
0,21.62582237497605,19.04716758196776,26.154988589491794
0,18.263520048791097,13.489814014515416,37.67097541193003
0,22.59474079612097,12.156572725601894,74.73637541530104
0,36.22292256577015,18.430291915128027,61.99696818317234
0,-6.18019298826194,15.588105153129142,63.887405454516156
0,29.68823270444551,5.836938227405088,47.46420887056853
0,18.51369702480728,7.946290494564958,45.0747261827924
0,38.459010272450136,6.776251040164214,76.69787051758667
0,28.19479568084896,17.787284150250002,23.091357484671192
0,11.150875982299755,22.56960765681916,32.33461004313935
0,25.911720747937604,-3.67655478937003,26.72333072347036
0,16.941779338744023,10.45176426723504,32.25764182585953
0,17.906395124346453,13.834854956625541,32.80076421579091
0,22.30448320008723,13.502479140847775,79.40027997741431
0,44.297197630113956,21.50060333977833,43.25724727900582
0,34.55141423235584,12.51556623981367,60.600844606843374
0,27.6618836692313,9.233357581334078,67.21369424584537
0,11.266039481997296,13.036223584279403,56.750759458476566
0,28.160640676574342,10.862896080047204,41.542915492116194
0,43.451759821870624,1.9683400114208922,56.61023873239533
0,45.99405552278702,11.148868134868449,48.42453283095314
0,27.447011285231085,3.3182766434661186,34.16735793859489
0,29.30208170906551,14.560154111339093,37.84508228080147
0,30.71453456345125,18.39601817024016,21.055693366217447
0,26.168706006945552,12.832822545786486,41.141626627163106
0,12.921784166794122,14.150500345935615,22.42912674612481
0,12.88958678572228,16.508309838555725,64.52789440936289
0,32.31326945417812,19.47877311196462,20.998353269242997
0,36.29759577294048,12.602175933954573,56.43035156084703
0,47.89088722885351,16.16656438831634,66.41470212007074
0,6.731636436353881,18.54742845548733,72.18710225650834
0,34.13704159896687,-2.4939512327535667,78.2687886074837
0,30.978420286691694,13.120939057956477,68.01739808060216
0,34.94131958499676,1.1942180732321805,31.90432785726044
0,50.912570218518624,5.809846222540859,16.327225011791384
0,6.669322284018698,16.17522659250197,80.91408856127968
0,17.36458741028317,11.812265181362797,76.60762873896965
0,30.56656503607411,13.443680572699138,84.3808805422469
0,28.17324312075702,10.15859209624044,18.317807962311022
0,31.503692421525514,11.608291784978203,57.9580861004703
0,30.813899670946476,1.9032667341776826,69.07904704460037
0,30.07386017559952,22.757983904608253,45.02575430361813
0,43.474016820654455,8.094197278161111,60.1489742508016
0,35.56894757932817,13.319068628767862,60.49518138401789
0,12.727993158753694,11.092551376676393,64.1585685249153
0,24.085019165752943,7.984518549883994,70.82934221190519
0,4.976925036734897,14.344122141541552,18.538506591829034
0,1.350191881765035,3.0996907777401255,43.42990326149664
0,30.7324542775334,11.584476255941116,46.32400436327127
0,38.168933246530315,10.011489188812984,61.019127454886984
0,1.2500602303211394,14.72235248555483,19.734494655236418
0,28.462420636786746,13.617796545095567,54.83289872498873
0,16.853975245970737,16.916542075265326,27.321151570859087
0,12.057620953434117,10.70462902485204,42.498768903058235
0,17.752059326431507,15.855440227478685,52.473004351462315
0,8.575829795138148,14.761491016652482,58.051830837563514
0,16.73826155428352,0.12561722508709572,83.29998227036995
0,26.929105868995592,16.53298196757946,68.68572144959978
0,49.151901186648686,18.970697581143984,54.97704122618664
0,-0.22259225913821368,21.788031469919467,33.62474288682286
0,32.05933706489598,22.950252525450836,47.996271300175586
0,25.086001262547224,5.803807932482817,59.82056794291024
0,10.851688754752134,20.588870705991425,76.34209565517251
0,30.975975882595932,15.502913200995282,53.77580414756287
0,18.265984260348525,12.194723375873286,16.05251440076063
0,27.016281514043346,17.174687287574304,82.94405992356722
0,0.633845218505968,14.217098128073822,36.69820617649692
0,24.990602969709656,23.118036222798274,58.86448340343932
0,19.540071895747037,11.286499185666916,49.25150877554236
0,11.977806488276094,16.775781578020815,33.322732377984266
0,9.516026307157851,16.82948724702412,73.81397549723025
0,14.196454698020785,4.320733727275934,26.721000981996127
0,23.062902708763325,13.313751297295752,82.04596942830453
0,37.294779576099614,12.925234544066875,18.08667504502182
0,16.398040531636056,12.730984161258734,44.737590107903074
0,26.212941570416948,4.136996440875855,77.84969450837075
0,27.352778386691508,16.487416415528727,44.33802801659164
0,27.770794892553234,12.590677091795028,79.43951781117178
0,37.61257635445342,12.78430857745927,78.18534827095874
0,31.301563139158237,17.10089944712248,39.208628636109935
0,14.627775897128306,8.877567669738799,81.9177184923211
0,4.971553782030568,11.73258349532473,45.36011896046964
0,31.169930829895883,17.764024540226057,39.99106831321555
0,35.3362109491302,17.08367334486737,32.926585081779415
0,25.91045760628522,16.76592690614777,75.23970918914662
0,40.02806327279744,15.25486981917813,78.62565323488056
0,13.187377357749956,18.604619471224467,43.1241219296759
0,20.870932278365856,18.424980076194444,49.522489023701795
0,2.4307996122696593,11.897152408670244,47.92032118566062
0,36.96010999737903,2.779587729429073,81.9418808610649
0,10.934723279643404,13.818342871330454,40.51267058526419
0,30.236143668967287,9.613621595715358,42.04125823070463
0,20.57483290430358,22.678485702242234,26.030837489098666
0,23.651301752658718,7.371189957287211,31.321689226630703
0,26.07994942537373,3.6678349621937016,25.28317608643902
0,24.052520163714902,9.838085219057579,25.361812113939422
0,28.295015576846254,13.436717719052465,46.00435613308052
0,13.168785905606335,16.80793046568125,77.37593680017126
0,25.877806963539758,16.527758566186108,63.888080924373895
0,31.834049807282504,11.593954565312972,50.55246396942581
0,53.945664101635295,15.364346696393657,41.88208758810671
0,16.71190157126837,16.97041649793567,24.49669700845272
0,12.914075018336781,13.61888026523616,70.8705041896831
0,0.2271766408962037,10.461137235033501,16.32248653508698
0,28.717040813027204,14.406863473651747,60.39885126758415
0,37.813624883403904,4.859410619715142,77.79905238995387
0,27.198396141043478,7.0263573029879645,16.1159968124055
0,41.607293334202154,11.867082714626164,71.85343767230432
0,20.55272170108022,20.84236726106356,56.6675544299914
0,13.769766392610332,23.065168096945104,57.01837061960069
0,25.660054488813554,20.383160552977095,53.49853844852919
0,17.511222446626622,15.397183382857023,83.89030728884462
0,29.090125905947133,8.430778698117779,56.78689811408363
0,20.908678840661214,15.192685556038297,41.11555532860948
0,38.80419480208843,2.410951701697069,71.80738298938495
0,21.48955709810855,17.964944096611998,72.34160402808584
0,27.480672598827077,16.351901346325857,40.776938200472145
0,10.990892871950953,5.539822187123555,52.826713240498776
0,2.7141217119931866,8.065220475120213,81.27269804662886
0,18.63126828379962,6.759377479149994,45.10217128454402
0,30.698912279161576,9.963568337654412,71.79471541610903
0,22.71551445237954,16.624460365452272,34.58847819698149
0,27.22095249592306,21.727189288728653,58.95406700082022
0,40.76276945704559,14.190219180664572,60.122648827568305
0,40.87285817839539,17.386680972426014,27.389032821607778
0,28.774546298375455,21.022538663822303,73.80539550388399
0,29.467203780211147,12.315349964643783,19.77478587587963
0,28.53291890435411,7.716496902390485,20.686215705588438
0,37.22478410816726,23.1393743824285,56.68840900746424
0,37.525873077648974,20.310620031044714,80.99197835454065
0,28.13116625006688,4.6749941352175295,25.45920577011087
0,30.678826402571236,15.741516741094888,48.63930360921284
0,9.56829851164088,15.888780428122768,74.4917403509197
0,37.40463153067577,9.077443016696614,24.75555819926369
0,12.123326976326362,11.752818617722344,21.12064999552757
0,-12.220628940431013,20.154416758295035,21.9266847472461
0,26.670718255680626,12.059707029950376,40.127129430927546
0,21.00983979232591,12.516023592549093,69.68040977073152
0,20.8773648438505,11.038101014305012,59.5680028894801
0,3.956157598664735,6.466360113708985,52.378427000984814
0,36.58657360793582,21.168162223700975,36.67796761400888
0,16.947876214235496,10.015379936813236,65.35015119982087
0,32.11875668817092,8.052066637820321,18.02862425972907
0,13.285398771748728,11.738007279692313,53.95935635062989
0,27.750824795966185,14.145602534023759,62.90518256043045
0,21.572995187454676,11.086167343965526,45.92323110846245
0,41.786427111193376,13.948465495392346,69.67246113219869
0,19.939102227274248,3.4514468627302968,30.120145493600447
0,19.410235454816057,7.9749712695178605,19.076646137182678
0,24.389616181136635,15.622715659493444,48.072352025490304
0,26.29808080639404,22.924399712772512,37.00449109859312
0,19.75226687662794,9.177536569537061,72.91709149757526
0,19.089281614599468,1.7458475870326424,71.88895276662686
0,30.62659256985703,7.487812010965342,29.390242132383968
0,0.0682774219989426,19.293135477667377,41.95764594891283
0,27.501240063236793,20.592301975061456,61.34816866145823
0,32.12670643163632,5.726544540414272,29.352395361278752
0,18.02532741119619,22.71366403689385,83.27915730133265
0,7.783404189288403,12.603930832554411,16.12412584761384
0,25.761948774283056,10.099994106871389,33.8230735252602
0,25.57287599425139,4.54984306248692,84.78051101939691
0,36.68172574425476,19.989293357414915,42.37817053586541
0,18.805553438176357,9.101457701014242,50.188540912592565
0,25.65817654008322,11.551178510687123,77.926163027369
0,32.80868249298897,13.244744780440104,32.941163525840636
0,39.706394394698606,6.449242132381006,56.02362183692803
0,20.502762676731855,11.555466884268725,71.14413191861318
0,10.566930637136966,18.191627577455126,33.08016362944489
0,5.216780893763993,3.7288238389531188,81.9710013566221
0,19.984020421626237,14.794335891245565,26.514986958549258
0,17.628249777144053,18.431809123385815,44.35760776068212
0,36.95014888440784,19.414189775262656,60.67555313483363
0,26.677944457950108,17.734928090492872,20.897339299434634
0,26.891229232879994,4.214276306941194,76.41989409442147
0,21.671781905005552,5.759296040257914,45.73507101823861
0,24.081375763390852,12.387389878119613,78.33569665993302
0,11.561646935864383,16.67058102683036,30.270997108363638
0,24.71394738009611,22.798665997589843,21.58146868380635
0,23.891296336712017,14.188606048059627,72.7489276718227
0,15.98445796996409,4.9831920675639285,55.27511819997478
0,15.323594627860594,16.77862581084796,50.63004167404573
0,14.717224445209013,10.374774432636649,56.64267766272589
0,15.164943726016903,16.23772288633641,50.48413325055749
0,23.511469887508305,22.450627542840337,70.40844154753864
0,20.098455741005147,10.566837874453153,83.27791604837469
0,26.599553746618266,27.777895601547243,56.35332755082811
0,7.584843438572461,13.069002550213133,68.95556402037892
0,10.867119957090539,22.294248425430133,59.10623045277897
0,22.264721696618434,19.250268493906248,30.721364800975486
0,27.32183999512344,9.346243526894208,38.22853545031674
0,13.89130149354457,12.653950625649546,31.269484568692754
0,18.641031190356223,16.8639817145489,58.98458890777377
0,28.64403856525974,9.992790257641872,71.84892372382613
0,2.407939350299163,8.150620177547095,45.23061927218069
0,11.365550253146214,9.787677243648265,36.26069573693373
0,6.517652071526971,2.504890165849652,16.175683651278092
0,18.366133924822158,13.51971444424833,33.72533880864994
0,34.74207655474419,14.290051353773235,63.650373729215445
0,14.837189803003357,14.396403645652587,45.01049353776592
0,35.10429322698927,14.936209018958248,34.92371580561781
0,21.716453403802735,21.429492110061258,29.462902239867965
0,4.961519917586596,17.212835507547407,84.9426929703662
0,-0.8943610881922872,18.352658622657355,25.148364308251402
0,17.80132805050324,12.223996755970655,82.22509621131339
0,27.848685742586742,22.00012310046636,61.61450238940866
0,17.29655723343064,9.770909193275243,66.92283740473499
0,28.199940570286355,7.6303936123806695,37.12337667086459
0,25.62241582400232,13.837208927743742,74.83952082738968
0,0.041191262020074504,26.117558510387433,50.71323439936475
0,19.258690747756322,11.036308575967718,74.10319677068463
0,55.7700048603743,15.617510991769365,47.008236703655335
0,8.683851080317682,19.637053064972868,19.347116387422375
0,27.943778308388403,17.157454827919686,45.25762764202603
0,16.497942205351364,16.70201085448058,78.94453573019025
0,6.828905876336446,11.899283346661896,16.623657691726265
0,20.13384202997167,7.928862107707504,74.89742527889922
0,24.71912226865516,5.869101428398987,73.99878807339572
0,11.063181017920696,-0.9968988934069998,52.361156731595194
0,11.432663367368104,11.76199246787235,24.646438744734567
0,22.978482867270102,9.605401849813603,41.248247470917335
0,26.685989232214947,27.958501145771216,84.7776705868731
0,-0.3284483709995989,13.137567149098832,34.096623630119424
0,16.788595077458762,13.11093239728618,42.10566018881588
0,20.590674030460583,10.83228280087252,44.34148045753395
0,23.742872279625004,8.215827916964598,53.927312560046374
0,29.262106553787234,8.482518369277951,48.794082878269286
0,18.576049309399096,9.764760857067849,56.23396498565694
0,19.096171445885403,14.849418810731002,73.4970295888219
0,24.52152930390207,22.38645638269133,43.13279579298763
0,31.02713528795706,11.285952319816193,27.700742697506804
0,27.8725602459247,12.508311650860106,82.24837301648842
0,58.761363482576066,14.146181042891008,65.57838552019805
0,22.04574698604021,15.879224041937016,21.74676271441622
0,38.33828976961521,10.956772195449082,41.03349462659326
0,17.475299233701676,5.611681806528696,60.10117096602296
0,12.148218249213379,17.36538730210615,53.17885754455781
0,38.52254971899604,21.85128724790409,44.98860054366226
0,26.19477562248149,8.407658167977269,79.46058956821221
0,25.7325440717907,10.158554540491116,82.85275625247067
0,24.560258298768552,-7.2910661030478,71.01316768078792
0,36.93947720998383,12.900488565969,53.3046391724439
0,50.032678401968,13.800644614537907,25.701087441373872
0,33.06186344821191,10.481239872426325,20.447483769329324
0,24.140409436493677,11.85694549880713,25.750387573182287
0,27.64796743023635,16.117158294199623,45.14005740077022
0,31.88666385559249,11.942173253900993,42.898216559377516
0,9.480460008840438,22.499144791230385,25.385988608667553
0,15.209377621029848,20.15161476646,20.85130989199915
0,3.403872951352824,22.129555860225572,46.35330728033132
0,38.41201093787822,16.213092269297423,63.69838407312983
0,10.80511297718237,4.740882183557902,24.888712960301447
0,-3.8484702020718196,16.415520566327324,48.4651823210377
0,41.30687393033334,14.135117883683943,48.93409964368288
0,48.32872324653847,14.808386559197821,73.23477244231123
0,20.318703439337387,4.651662916995761,39.656167851115065
0,33.57787872848567,11.277059587770498,63.79875615264398
0,27.1221290265411,15.866793296078386,40.986470464376616
0,33.705892913464965,5.642575169412837,19.203643538596737
0,33.21825246144314,10.945330969096268,52.8751747172572
0,35.75170978906283,10.078429226155235,77.13225951995854
0,43.50095199642691,16.43853370113068,71.72628147348725
0,23.62704821747887,14.847274570578827,71.78097046697636
0,20.321392450607373,16.890270747198727,43.97065052406512
0,21.387501103312168,7.766122053580853,30.06887816454197
0,14.157198189779749,24.270747598076987,60.41147120752376
0,15.572690321266103,10.707223394971416,54.85727808681925
0,10.958844236218088,23.791240926498773,44.41945555837782
0,28.12023786647299,-0.36960124319194243,77.55432545335222
0,30.780808897952923,4.188267069311847,45.860059228719656
0,33.56279041533081,15.471037463805775,30.60325003687995
0,17.585247090557225,7.989709575091917,55.52697180320335
0,21.892975119206255,16.713525873339112,21.584505450319362
0,7.050635919807606,11.637415688212762,72.93421395013169
0,4.967344091390014,15.658856411661247,83.47200665006088
0,31.67140535164438,9.939250410923712,54.286746501190734
0,1.5547177713560814,10.74485257525065,31.52976917655753
0,10.150608142549274,0.43137095420481053,47.85069840585419
0,18.73401486691285,16.99006520446213,82.75600807428955
0,24.171983461799144,9.70696316165299,34.5187911336597
0,15.325907173987662,10.135835375031764,44.6638211345074
0,16.77089057497071,11.207129943875566,15.389885765443765
0,17.69443136294489,23.370828240921533,61.43257192918334
0,17.656693954064984,11.49587637846616,59.0242880862876
0,30.64500653204234,8.617781984707955,21.552949715834778
0,40.34580843353639,16.280975789441907,43.0089438839074
0,16.159935985781814,21.070722581495765,29.353837454820393
0,47.66243341635203,16.522539441015947,46.309842189487135
0,16.26055646824037,16.175858710400156,42.88726177493329
0,17.03893191126716,19.243262104551615,77.85018601339794
0,35.5839933054621,6.116643060919212,24.36160971345072
0,32.32358944820838,8.518892102947472,37.222216787983115
0,9.815598818767825,7.861857049716521,78.67637828032335
0,31.509357214206155,13.682372820071901,79.80488306058345
0,11.500454563641913,10.853693356934073,18.210039022703654
0,28.60281891943288,16.367311035496986,52.34372912362447
0,10.663159310828128,10.165766482518523,51.286760156806785
0,23.591486535880065,9.415021923774178,35.49274952540397
0,9.910893866806136,8.638125356097486,32.56796112352283
0,17.083719155291227,-0.09201023252595775,62.02776247976966
0,28.976512830288435,3.78764494336162,20.683323553177047
0,34.10470820452466,9.096967986186145,22.465785298910227
0,3.8050920989439874,12.62197327646065,44.345291176502215
0,1.016984410648309,4.758050785556696,72.73632665424329
0,43.596052987140624,16.831949644730535,40.34883716943764
0,16.997788383309206,23.76287215328619,19.44962865543593
0,22.285975836969865,9.977192176581449,69.99057033247199
0,17.715233275560717,5.66564154940512,38.23871330708962
0,10.554564177111907,9.047603960842475,28.909907724373845
0,32.60213203380427,20.242315679531288,43.64759553316474
0,37.90801740367986,11.764659621272115,72.34373021862086
0,30.675025749859376,18.418964997257703,53.19025120312136
0,61.526078345983876,15.599847713158184,45.00982378677212
0,19.50001405127208,2.9111166374583632,62.730780188248794
0,36.87673376886203,16.970072499931142,77.23887090362716
0,30.90951721452198,19.724896970808786,52.011107024545154
0,39.761019830995,23.42153485693307,37.029486848117706
0,30.725192369152595,25.96530748025084,45.918554596468404
0,16.63132631751089,21.440383170016247,22.84030088664729
0,31.759852745971237,9.201106673339032,35.501963543999565
0,29.898048815260598,1.2103868962743327,75.85249494817009
0,17.931705624261227,6.589923008210608,40.87018966875881
0,15.44721518459895,15.67509121619399,17.53544475033266
0,25.781831878894327,14.227700634030324,54.918954816045265
0,40.09844091925723,5.982396401517289,61.80962196936937
0,21.203966649153017,4.184544405420162,76.5334234003961
0,17.37993108051179,12.387663884433367,54.21561525263273
0,10.060743318523718,23.291812227142525,27.970152834968033
0,41.46746345588349,21.845499249861966,45.345074375029775
0,30.214440162033405,16.25925511040717,18.656303465098944
0,24.514472914266562,14.484048758919052,41.065641698824784
0,26.025615857214717,12.418051613741593,67.96422379704889
0,21.157230677251512,16.595366027310664,59.228142614341124
0,9.745335557244124,18.00373459140699,55.655012970199365
0,31.91205965176205,18.28718816954454,64.74122995775728
0,48.74447904983725,13.701235203052931,55.64625452639306
0,20.39351852823776,10.354353758747896,48.68121856246429
0,30.37154172580455,17.71629911967006,41.135315288658596
0,9.045989155666497,7.204450679383032,23.296410442227284
0,26.386263829442232,11.797450909314222,75.18649470568346
0,6.30221399466182,11.191890072095855,72.36658038793988
0,20.38657311587074,15.779854200384978,34.96216890520297
0,18.813371413229348,14.076504978227685,17.437578626332567
0,22.507679915508994,4.499649198444182,33.015463622479324
0,46.9519049072579,18.650488411096347,47.073611924224025
0,5.312631570766772,23.383821999797117,55.51271036369762
0,13.04184658052529,12.220552540887635,54.61544039536142
0,19.871457502449232,14.480748638089654,77.20925225547555
0,35.42619873237853,15.363049022741507,53.504207580299166
0,22.00981755039956,13.453746290443783,68.35734574870457
0,47.731899137784666,7.529967697858159,67.35401123673287
0,39.42279257385316,15.46943553324218,65.87575785469663
0,27.317665576227792,10.081748364078875,65.88123397461285
0,5.384579857545965,8.820680809194084,27.053923607265133
0,29.142881637503926,10.518097887384327,79.09140646631165
0,46.95504101967535,10.917280670497679,28.721629901530534
0,13.012143077555688,15.221890143458717,45.04166145844897
0,20.075262221281275,0.2251379276308043,53.39456167352773
0,28.24885063513711,18.48544083012487,74.88203313453019
0,22.451945753870937,10.840770786877968,45.61106535618425
0,13.07100084258778,23.04571743597908,66.95799761346598
0,29.729500444128977,11.522788502509151,75.08615205221346
0,15.229458468848087,18.897122247076666,21.50037585167427
0,20.749433757175613,23.46125776434421,18.38906469375688
0,31.32546853123112,19.01714314460673,52.000388386986494
0,17.943129284879742,22.188182150098164,43.40844069061271
0,32.19294589781683,20.179882948098022,40.737178475389875
0,22.635658925015296,12.931900353681122,23.254584247122345
0,34.62402844586877,13.884476916409767,79.14907240069475
0,11.877353832811924,19.28418798342271,53.46770095490455
0,39.598041455013146,20.275782888602656,15.037127577461845
0,14.907968485302543,6.151014514643225,42.54503969717919
0,15.70748116177808,22.92193546261791,62.18952308260471
0,26.08435641585332,9.216246923182338,56.68153041459649
0,29.717330783961362,3.6282284935865032,52.8543277434613
0,47.405813923249376,17.758746906051147,67.86110237302175
0,25.830449821080443,9.204817593218799,22.446866303364544
0,27.10664769474554,9.117304061272527,44.60450375048419
0,24.50483414757327,15.815632774022633,26.550650172108206
0,38.37676830795522,25.815406408448588,65.14664173268892
0,18.83130206377674,19.422837494184837,57.01748044166868
0,21.502375973743987,13.321121264193506,81.791340605016
0,19.058851548327425,12.957179857130546,60.61496018973243
0,23.89159571614982,8.203411187852378,58.79361407353096
0,22.43057195838561,6.533641266058043,53.88609492901314
0,24.260515425705513,17.408143190683624,82.10188797237187
0,30.242667777412407,12.26627376911833,29.955418717755485
0,25.105839889560183,4.221703304974209,66.83750280047332
0,15.160331650171445,14.028236567722573,33.44955055587649
0,12.812518295888273,10.581930696819224,48.5979106714768
0,45.52837725700562,1.7503153388427073,20.410925935439167
0,29.861545353340677,13.535500178541968,79.19652442611577
0,26.12693413175747,10.354632308730162,78.62722447071057
1,10.539312032230256,14.433477124268778,27.976566283828788
1,4.733673471170552,-0.8555650151574137,70.28631275671874
1,11.441787986104766,12.20302399826328,73.15139511786896
1,35.12116434545631,8.312301743574368,78.968417179373
1,-5.766125602965045,8.282250262362165,40.477264643557696
1,-10.732061114655405,0.5430265878082888,71.22979734687397
1,-2.6593145218762277,-1.0963677744291702,70.38833156285689
1,-0.16543502757071635,-9.399689124677671,31.232834091991435
1,-9.673725347635507,-7.267448023412415,86.80256030526556
1,19.521061149090542,-0.8768530679051539,82.01492909002273
1,-6.499685754504896,0.13840101827690793,84.53088801293393
1,-2.006921351820059,-4.369897738042047,66.62089625449448
1,0.37626564179919575,-4.414822631396692,48.632694784650646
1,12.075405366021386,5.7743094691979096,21.281032129696257
1,2.5984152701079584,-3.049050671796958,81.91755208618709
1,0.6771197080797509,1.1934513253948589,32.86134394591875
1,-0.3027446809539074,-5.732894863571206,60.739650829514744
1,11.900003600961515,3.2394203398328014,96.98487924057075
1,14.538720069089036,-1.3575543753292794,23.808816367844855
1,-1.4191131343365717,-9.078985602549418,89.93312596610318
1,-2.2524410608498235,-0.9561426889158519,85.13587770109854
1,-0.27739699927641687,-3.3642034699015864,35.247273697782134
1,-0.4182698055952469,6.198370257530571,99.70615323543177
1,10.446839277457745,-12.114867640181275,58.09884323911214
1,7.1241584173634145,0.33218561507225325,39.049706495733226
1,10.511120703745377,-1.1457348438144872,92.64619434274915
1,1.6685375543147651,-2.033043906993967,73.10836194287961
1,14.40807726964217,-9.624595624904309,60.80255694463675
1,-8.287729798837997,4.346475672346125,94.09782031425945
1,-0.8174937690605815,3.7256260684469376,34.35736307429822
1,-3.3453168816421153,-9.600014347555442,22.766393149211964
1,3.821046893692253,3.9424023620700965,52.586316514720934
1,-5.2592757936004215,6.568239145073199,92.19532324561031
1,-4.6081966921717585,4.9250727623570585,32.495737359362224
1,10.622181806235295,0.5241263262982603,69.37242933159229
1,13.857913804574974,-3.8186573495578773,49.392319160975276
1,8.033677789012831,-7.913369784844046,76.76280548336058
1,7.914359311533644,6.104320824612155,68.2403113812899
1,4.579765984892786,3.302072148930363,65.56812524207962
1,15.317496938311795,11.144387224108343,79.91157008099435
1,-19.29509593623792,0.48285903667606506,28.26655931991131
1,12.327635634713111,-1.578980712701724,39.58121949280512
1,-15.363809984445872,9.625152496096158,76.91363597656459
1,11.360230137205672,-3.463301956670446,62.10599972816357
1,7.131186858666133,12.741328378214366,84.40916089031538
1,-18.780828086761787,-3.8281637542275435,50.930830379228794
1,-3.699340268824036,-2.6807658709660473,28.68062136216915
1,11.977468666637098,-3.1533672037379343,78.75014087163638
1,9.619630746654767,-8.618011547743034,64.35660265039431
1,-4.341218486143655,-5.091351549975984,37.83117907109782
1,3.4876822366562292,-10.590593836022341,76.54574540824325
1,-14.68736612604659,-1.2244404375180682,94.1501165234345
1,-4.298397850575283,-0.4201285171481681,98.73892548700591
1,-15.171550502638231,-2.5038107555742783,55.60809672031127
1,-29.427575487924024,-2.243473382348231,49.91101244819825
1,-4.970518138254399,-0.4584584358381146,81.63618251873477
1,-6.556288765500912,16.56264623373166,67.59183312983438
1,7.742234617908556,-3.8362918362551652,55.62150283607218
1,-11.132225228274699,2.98310508534456,66.72612188519678
1,-24.674646871356394,8.056405100013572,79.92953274141911
1,-12.093009062518952,-19.95949512964338,55.03067682266532
1,-15.22198951063091,-3.2589279424495796,42.75994178984468
1,8.917157117896071,-9.1926432308951,92.36632269278653
1,11.63499066231773,5.942581448870176,57.68939828684086
1,12.21372735826853,-2.493995055634187,54.257846455129865
1,-2.542765633939423,-5.406139500993017,67.00639454677281
1,5.504195234587764,-11.398140589560395,52.523923395549346
1,-1.9240496903001016,-1.4767176938611486,86.00392296198463
1,22.014075941756023,-7.98665829191928,98.52760590809771
1,10.071340590414906,8.808012201692376,96.01074739945423
1,-20.27693650710248,3.664278849425711,40.49165816329017
1,-11.55123992893967,10.346671865579765,46.76516713049271
1,-9.819631901425176,-6.6333573066428855,51.40352437991474
1,5.752018889534744,-4.1112935635378856,42.9904882488222
1,-2.012179494887774,10.028087853312845,22.172104206428543
1,20.49093248420157,8.301007122725258,24.76824452038025
1,-16.835854335953748,4.569714216717433,48.58736835287033
1,2.2714378388256726,-2.054055822789088,92.36235609174149
1,4.003662473162905,3.8612228936087734,29.593743129969766
1,-20.58161154625111,6.362995099575996,98.22056191104552
1,5.296347619893669,6.017271100093262,97.79853221376328
1,10.017631105428688,8.469610234549807,74.99159681707634
1,18.18110578398063,-15.598382018879397,98.38531607062292
1,-6.439743694684409,-2.1249337112030307,73.17240551109977
1,6.1958260029062275,-2.277011868960458,57.7674752786797
1,-5.383966380150594,-9.310069241122635,64.95903600223205
1,-4.238751570908017,11.394587653685248,77.47804816542839
1,7.008928891677036,-6.066968030318716,47.71855970585162
1,3.543047737755065,-12.530543331422075,97.58763649557136
1,-6.6321831949480785,1.0288759874705509,42.115622648937425
1,-8.574639321766861,9.999518175117961,94.38102572412751
1,-4.714935883393984,9.16988723761524,39.92394631101428
1,-16.50855376682662,-2.472961595599077,21.740746104427018
1,-2.912810526391034,9.382149490975207,92.7975300267029
1,-5.762900285195524,-1.1196082837821606,47.49326229680716
1,8.850698079524422,11.54752607043196,89.65465400938243
1,19.056747762281123,-3.684341538813131,29.988616543494388
1,20.645379790635747,-3.149129886431266,90.27473833839727
1,-6.108494404562018,4.341318467801997,76.48598872474506
1,-11.990894465343366,-1.731195232813538,94.72224686145282
1,-17.76578316400433,5.933482419636466,45.9453165854979
1,-2.8671082659892986,-9.276146491767813,61.19415690791712
1,-4.725030197045032,-2.9218448840218554,74.34491696131275
1,33.245489812185674,3.963643786571538,73.45678600529453
1,19.12717936654741,3.5938984900826494,92.26784623281294
1,-5.399771348904795,-9.127647586250209,67.1783292580493
1,-1.1894721692131303,-8.896268161176119,75.1106103556917
1,19.476715106173767,-0.3833426954325071,32.44759441984007
1,-10.28506369972561,-3.8640979211891215,31.654578579959832
1,25.504140413746168,2.0611970824392447,29.746492944826613
1,-16.044893470650443,-3.1016773295136324,39.549226769259306
1,-0.8850162649572674,-0.6685598409251153,30.211529426059002
1,-9.242326547621905,11.638434489621208,41.11999295239224
1,-1.3617670900287826,-3.9754298750577437,85.05940127848092
1,-10.919058175088576,4.964433069361687,46.41704898975768
1,1.2519404256577888,1.9876128535358815,58.12481777349145
1,5.540499530939808,1.1376226723913032,52.40114950171985
1,13.696275845108463,5.152894167269499,84.91490721915478
1,3.9928887823257355,1.8848460519475112,87.55980925720283
1,8.228323594774814,-2.403091964422068,97.98802582408277
1,7.322294207208206,-5.159020170052927,92.20775422642275
1,-9.777239714856698,-1.535760902712292,28.679380521410735
1,-18.657594360813913,-10.110058876807171,34.3084410626511
1,0.07486453642883391,3.474783661481721,87.84163148602346
1,6.322182068568575,4.256594814186131,30.944698656608892
1,3.0741434690969403,2.312593542864082,44.86556556466453
1,5.615988864471097,-9.041435691858789,54.832527430541134
1,7.2553606017861245,-2.8652886772772166,21.87239809850645
1,-2.945065004589847,-2.4502027535519426,83.03613045953804
1,1.20407879317991,-2.156317751898426,69.13863050319327
1,-2.991772202607467,2.5661327720064926,20.104206209653
1,15.689160399989467,3.50950071132975,22.4419441061617
1,0.9212349064978291,9.902757022172652,24.62289291906953
1,12.638944139978987,-3.8586220793117794,94.20636479153538
1,7.3674886375270425,-8.50364872729932,61.30886936691358
1,-10.512491342038741,1.3122613313485558,46.71398726387735
1,-12.868678950395344,-2.9340335818671432,79.7649910890056
1,3.617794519239228,-3.480973962999353,47.731343038688614
1,-1.4493499720412952,-5.070191464936543,60.894512771783226
1,-0.43170531705719095,14.164516475279472,54.118340680562945
1,-2.0062428935599805,5.7477100439182935,68.36151735560489
1,-1.2627350350957451,2.215427437304082,41.44977359990604
1,12.133519188825629,1.0637586967939952,46.20697361308376
1,-4.8464682875718035,4.230073259207016,75.45958176699193
1,12.190955690137383,-10.845590379671496,58.48152153373153
1,-8.280045909905756,1.6427595776634967,88.21615771537519
1,-0.5669497420755354,1.3651043109518741,34.5259822161471
1,2.8201654930130213,-1.5212977429631551,65.58063239050676
1,-4.816933001425927,-3.692211965277883,74.96734955277638
1,3.4731487939627885,2.573878535030908,59.694017425898906
1,6.238044333953526,0.11592332362942714,48.41318264202322
1,23.52594881118516,5.586189688142341,28.635048380397848
1,7.516272483409879,14.400655912242405,75.95817622540355
1,-0.0932888772715717,-0.16831742144138895,25.362328720927493
1,-8.828263481130005,-0.02327194662576191,33.98365809948234
1,-12.404012345747182,14.199778706775966,44.244396171282396
1,-8.794411654288552,2.146630719697967,35.89314729157738
1,-2.5297542773030215,2.737126043203319,51.286553966110745
1,-22.161594422167788,-12.186515278191013,57.63482185641315
1,-24.49724275023538,3.8086017905830656,44.192866271479105
1,-26.919307021968745,1.7548858762750799,28.524644756687337
1,11.002312856083178,0.7273798298479185,58.68667807970581
1,0.84023512214373,6.881212125888003,85.25930260247276
1,-3.566917721903583,3.326300157511131,93.99473197239664
1,3.240159708512355,-4.187214122409076,30.667381206791987
1,18.43199554122719,-11.137384107278294,58.58269074901416
1,25.195439829127366,-7.434404415444977,28.356963112493446
1,10.467674393955376,-8.738714196214207,39.452372055371654
1,5.33572083663075,1.7020032947405832,99.94700068365869
1,1.3112081582139592,-0.4371608723234896,52.47555524031555
1,34.84922126860599,-5.335090104783416,92.98927814658298
1,17.83397323087142,-4.961254354255208,72.64457294369176
1,-9.084779130012583,-1.0563785748411778,42.830964624341405
1,-6.3539854205237685,6.920400667268016,46.73643071398594
1,0.567106212653459,6.434123291284037,73.45877075302904
1,3.773477633386584,0.05219351976176928,20.586350905137124
1,-21.143195271540755,-4.509531133995648,48.97915464344784
1,-8.13724673164461,7.974225648723051,85.42384283135834
1,9.184317033462325,-1.9477627081098507,78.1709929864771
1,-8.696534630629724,7.360433979650841,43.46167431642756
1,21.33627390321634,-6.445254879989807,88.00028831650704
1,-3.6984460035206586,-0.4232221213786687,28.556158113594392
1,19.422612827718844,-4.856493411296744,76.61096265348344
1,3.4535120499015197,-5.281048123232766,44.951650235381976
1,-1.2820722726022136,-8.974563187952054,41.905571775450035
1,0.9582921439723342,2.508697109970663,59.804997568908576
1,-7.472801997325883,-9.887579163051669,60.19193233602661
1,-3.1293544181637487,5.778055149799578,49.47620762305024
1,-23.34155564199453,-4.304655718510735,26.386475355186974
1,-5.363594337586176,-12.34903725740869,52.63168292354163
1,5.333855022230628,-4.880819830232897,75.87930838931969
1,8.340393241643348,-0.336323700650742,53.60512511119626
1,6.1225037174711145,-1.0249945787700177,31.572691934089164
1,10.941562508349028,-6.141572946889442,72.18578439761593
1,-2.7309161024973116,-2.7343277353358455,80.34115403523145
1,-6.1044958337653545,0.11046622662198556,29.07756124179565
1,-4.610668842159581,0.4052880155487704,23.301077965208705
1,-8.215915225996707,15.710737775638774,86.04944247698859
1,-5.211898261728147,2.3121122514799475,61.11760275333603
1,-14.446015047999982,4.595338449526893,32.36688169996245
1,0.7103453903863827,-3.0760582444586047,24.902458645358394
1,-22.49282113848049,-17.37415099296013,34.30713252346909
1,-8.152146035573642,-0.5790139117481674,32.681642423164604
1,9.67989943590006,-7.3950164400089236,92.44689429212673
1,-2.841903236308416,0.8155419771233904,48.72692350917664
1,-1.5835325346699347,-3.9484212240885284,44.67729650237088
1,13.32831062006142,12.249883973117612,72.91253588494112
1,5.08834651281446,7.337290020551161,59.37049101866462
1,-8.397315046531592,4.625147348314113,83.64191106388722
1,-8.433391341908928,-4.005684061725562,82.37492093390756
1,-1.7020557157705363,-2.260330444269161,46.87006086485692
1,15.739715216096974,-7.4898404475751885,20.04763793615109
1,8.413337097106703,2.856930624023712,49.8735613464627
1,-4.8024425499310395,-7.701436705535633,98.17226979324049
1,0.27639462100344625,-1.6671472300770651,67.35043748843566
1,-14.855112495684056,-1.816945306269285,92.48378022122728
1,-10.126809199863121,-0.9690481950244614,48.94646454843033
1,9.596978405613632,8.361812246526407,53.52641910945308
1,7.44343065700701,-8.500304351882258,22.01358546373379
1,0.2607132866747691,-3.0697857239185673,63.906175336576496
1,9.341273653161043,-1.1208760509561813,47.24882687675085
1,-2.7492539965349834,0.46400372483805746,47.09716184636817
1,2.071239247877057,-3.1035838669559013,55.09306310965367
1,10.746982492967794,2.1589387152180715,43.91510733589409
1,14.328934536106352,-6.5025870173866345,88.07520064876896
1,-4.123650947072648,-14.180766402928864,21.141123870847878
1,-25.70415814128505,-3.9702428016151314,48.556692548458585
1,-8.442717276308011,-1.9282791876536551,43.61347782867561
1,21.143497461335283,-2.6873749603052324,90.63083362875612
1,-1.0412656130594509,-2.7460728355694948,50.797250064984766
1,-19.751799818718787,-2.1114915276988193,46.28521980573146
1,27.655890800389795,3.594569726673565,84.20042008479737
1,0.6792880443920005,9.112728654987441,24.743415906836987
1,23.0977005139225,9.525430879704423,79.16381527696569
1,-1.5836587699841027,13.444314250572068,80.7161130791969
1,1.1656535370903185,-11.977366203161244,63.52449838399049
1,-5.608504028423521,-3.677481469544409,42.99611484486959
1,41.819268011236844,1.3678009004755922,55.46600135246403
1,2.6216445490125575,8.452956081459842,22.96389160708256
1,-1.9885840532361174,-6.425900577174058,55.64990067547931
1,-2.1465913901649327,1.606513780444004,85.75879753521752
1,-3.410521961089735,-10.122075816355132,93.33663015210836
1,-3.7273023277228656,6.13914174913072,37.212775061223155
1,16.88130704224258,14.107467440721013,81.86170587253628
1,-8.368732525098787,3.4398185226549964,56.51630963348377
1,-1.2383631091041836,4.353353742204054,52.97792648903413
1,-15.589441939109978,12.853625968629467,25.977389427051193
1,16.783152906702,13.09444590955791,22.98764736858749
1,-8.470744919600802,-1.4931892453638265,41.988757043355484
1,10.210836698660064,9.726382772299774,40.491273271597834
1,8.017650215692441,-9.833145404647139,45.02558030078944
1,9.740499477604804,6.524062956913042,98.97721858120818
1,-5.237435042797128,-2.651082008865998,82.74209357968496
1,9.539077302595905,0.6671782757097293,30.677185028361606
1,18.94810288195266,-6.327482225863574,70.63329573148098
1,12.4784760320086,2.812226504882567,94.483829590414
1,4.644771564242539,-2.2421231484872775,78.69644774769216
1,6.860789018847342,-4.430825929962908,93.72251919614665
1,15.759342759926529,-11.122686591310673,67.63892252310193
1,20.47639121363534,8.002341573822818,67.40801983772138
1,3.547843276449493,-8.705389598687672,60.26876971259309
1,-6.576811493621086,-5.047205675942665,49.9996169515375
1,-3.2711624422726837,2.740263402449176,51.39271189151516
1,13.046610946071265,-8.942960847770411,81.06941372218637
1,-8.63678566027521,2.2406765241263265,94.69614317948151
1,-3.5751629115577277,6.241783007039583,55.730607167773194
1,-3.9945136429268424,-0.46567319280963404,40.40864259916227
1,-14.595980591385063,3.1233195538995386,97.07466367557447
1,6.587024060794592,-5.023346102715449,99.29149840557128
1,16.360645936240353,-4.889560410629939,81.78272635536361
1,16.760012578357394,7.337337648105079,54.7697292130994
1,-6.18016735135123,10.889536238210663,41.71625144703226
1,8.259738159717243,1.3664064225141916,98.88998266674187
1,20.206351673449653,-0.9101945531088327,61.31428434042816
1,-2.0152892484845513,-10.592200483240843,50.04237630139349
1,20.253069390559602,-0.642296786227244,90.73993892580825
1,17.46797558519648,11.012131189560336,85.20945388199597
1,0.09023717929763697,0.9729748801965321,34.42851123563642
1,10.95306674547323,-4.755364214758862,40.192214169578655
1,-11.002232034005667,-9.667173575059454,94.35188323129161
1,-5.906068654914057,3.5729732368382408,30.591769512759527
1,4.7527022059229544,-3.7968741562013926,59.183041535879404
1,5.983627457921621,1.9949832335154654,79.67086602000091
1,0.03254352550627065,-2.567690704507374,79.50965952368554
1,-11.812264240467941,0.7464403663187449,98.97817277356408
1,-17.97307508600346,1.065682918951358,99.22306513243433
1,2.444119031019331,0.7179696080565786,66.17358233350038
1,10.157213668225497,-7.373785218901124,21.50075848841297
1,10.843685487236028,-0.6811484193355296,85.48922878194338
1,11.695844677699142,-3.707657646262939,58.150092640425335
1,8.400545817871974,-2.042235937374804,74.2255924383
1,1.6236857134683522,-6.731512390562324,32.50516940257927
1,5.131298673184234,6.366555313505894,93.54166653588909
1,-11.352535076281558,-11.798442195509283,61.65608515047523
1,8.746646328484985,1.854628561864153,58.20869906260385
1,-1.62391901260069,-3.921461050339841,68.72352746407944
1,6.335574216136322,-1.6666024538549131,81.04069610949486
1,-11.14216630506567,-1.485315048536887,32.85906163000979
1,-13.234989797225758,1.8789134194324884,99.49183154430565
1,1.4379335865485985,-0.2879677814882294,94.37741295543857
1,8.365382698907988,5.712085808650847,43.73814983566316
1,-1.220087557226236,-1.55234662116322,93.74301913184966
1,-3.0362323405276723,-2.493757157833938,69.44174236078808
1,0.7332598915316132,-10.454794238587779,77.13995356638853
1,-15.409993502055038,-8.193881366009519,92.19026874932803
1,-5.249975362441869,-14.332999889497742,28.69599750751803
1,4.252460084885869,10.31480338026733,38.31620448310122
1,-6.96684780002474,-1.2537456311557253,70.60712313820005
1,12.005554148600233,-3.8626834107768837,26.055706921685157
1,4.345502299169417,-5.7188344480765485,49.95481884718749
1,-23.99999065374665,-1.1386084214883263,87.2038361308334
1,-9.272064544772114,-0.2140197082784349,68.06843724921254
1,0.34854138322561073,-3.9256022469999925,45.70152418400898
1,6.477768554121591,0.8815085633749254,66.77335957533693
1,16.072313588533497,12.713318044178557,77.49848301548948
1,1.7291462977691148,1.6465316650612238,51.155363303309976
1,-9.874895557018386,-4.9213394098072305,62.74355980861037
1,3.4827031641279746,3.5418248005432633,87.89723307942316
1,6.28695781354512,-12.033070356845215,20.692318503234702
1,-3.35263803961443,-4.464323189848264,55.251500900458396
1,-11.316831345594391,4.8609919402897,85.82103444079816
1,5.7576465034990925,-9.240816294404064,59.82616488010993
1,6.475128345359083,3.1052233645237832,73.83171991401915
1,15.16183622602627,0.39551549632855026,21.50768829361907
1,2.51242143565474,1.7290230741640085,57.40011076212167
1,-2.600888265072745,3.1360244775654498,78.77791596483775
1,-0.11407505263344031,-8.670300989699435,39.02766533506956
1,-12.228827712742595,-1.7920564290890142,84.19366961275185
1,-18.099725116607566,-1.8927407978206898,80.06847596552414
1,8.957903405004421,10.502272549031252,41.56255084497324
1,10.155558409620086,-7.983410083477804,55.212771754413396
1,4.988199966162507,2.0537782427584323,25.76564945323787
1,-8.571888586135824,-8.038965616526733,35.97423232102132
1,16.79871465002143,-5.846258129312307,32.72697634203372
1,-4.318923906326399,9.394547619292048,52.93369260662217
1,-8.017357592240542,-8.360513387060115,95.15682348493849
1,-15.36159766317092,-9.320523718740366,73.73554635570775
1,-8.648378870120954,-6.839898258762249,57.10576153371544
1,10.77640212118281,2.758638579740595,87.13852795322934
1,-17.073194536442934,0.8722643250652069,99.40426133895392
1,6.820710686631476,-6.473011419737059,35.062207810610616
1,-3.7858275765667218,-2.401073863885393,65.7098697192375
1,-8.009918444579142,12.198142931730152,49.995378149241844
1,-7.518331549077736,-4.337606685992676,69.96215688866812
1,2.214018789039199,16.540289391033145,54.85387070617009
1,2.734845205905938,2.7771530785814904,49.70486786561621
1,-3.922005964814498,15.95868471376118,43.31587651047022
1,-3.6558932163500133,4.673740859170107,28.600464307124952
1,-14.627907128211863,-4.3600342230873865,55.756112924403226
1,2.2284714994681263,3.1254678101813074,98.36036721842306
1,7.340122101979949,1.3154438675709674,35.41251029162382
1,-3.448967131064433,-13.803161392137827,73.24562625779994
1,9.331211577057536,-3.905042295239606,32.844439273039086
1,11.53832023193911,-6.757063112082632,68.099794527878
1,-3.254123530251016,3.893236148610693,61.81319606094688
1,18.567399882649124,-1.791580309171733,56.70564892348101
1,-16.399725259609454,1.7032455761482674,37.141496254103686
1,-7.922808351845921,-4.9123902607213275,95.61602548041824
1,-22.717565532466015,-0.31683427736294995,51.8460351138198
1,-17.196237355336457,5.0376757227349165,72.2415933855005
1,1.3803492196933222,-2.146571375416524,34.20949922356043
1,-2.0955968667733007,5.237227739155379,72.86410559114258
1,10.422284739486184,6.295149445380511,49.769257151254976
1,-2.3076178627319757,-2.923217684271119,98.34616378272281
1,11.638155529624456,2.1406215920999108,75.54142916949237
1,15.861471092607372,10.905938552271733,72.7650550318596
1,-1.0841483844495394,-7.738296163451222,88.91244934171829
1,27.782759782314884,-6.827375895396317,56.20612535610682
1,-7.362974054665197,-12.642179030045474,85.77817707624475
1,17.818243502534123,-5.540396667836482,53.338978626356436
1,-12.801432952291067,9.945790284022575,29.159618561265006
1,5.848443092703952,8.185323947791268,71.81700734890651
1,2.823821548496136,-5.088421395075607,80.64394956816952
1,-1.9861879246200203,-9.935543701483734,36.65930873219214
1,5.732170518960225,7.498415238536646,42.55769978584692
1,-11.35523690214511,6.597575586262815,25.184040926765633
1,-3.2109228168999024,3.53248624855782,57.307297211636154
1,-7.641667389320065,9.747094111812206,22.74096068662601
1,17.314504731085563,-4.577389821829592,62.04422146156085
1,5.780936236242488,-6.592463539529378,38.735825155784276
1,-4.052224300146107,4.885901239678308,62.912263075813655
1,-10.163262647055255,2.0379589801305236,68.30483106399038
1,-12.255141261496513,12.267507890173032,82.07063557095236
1,-7.242735749362286,-5.84763581778138,60.49264862511197
1,1.6567482471502912,6.40142162521765,43.11120238844306
1,-20.619547601455093,-11.359205313278359,43.96012820939092
1,4.652557040525631,-8.570033420017984,53.650924205776604
1,10.375280800924791,-4.049545356106243,44.32532458028308
1,-3.3939052056683154,-4.4392926969937925,68.52357971077242
1,-8.986549697759248,8.309090758042526,31.02347066262135
1,9.745523724005748,3.472107083456358,78.3121725996296
1,6.522990790731864,13.533495574720572,69.83394191307121
1,0.35744032440353657,-4.139976461865181,62.58350288606572
1,-24.555249179165955,0.9564093913743813,34.35334672430359
1,3.8756572513979624,6.67715403351845,54.689637342853715
1,-4.15367563078914,-10.754418849180002,57.6888436879437
1,-7.70997190760855,4.910253099621374,60.191368970201026
1,-4.827032140728603,5.6992636922303985,21.835933113756425
1,-2.1906698573028844,-1.507777780509279,44.81983570329998
1,5.084097356765047,7.2609263645908175,44.936402752332356
1,19.042372126117314,-1.7054660425863788,53.52234048255692
1,2.6327923949428214,3.288693628889212,78.6290000556421
1,5.096992702615276,-0.9690738428946588,84.23985902654736
1,12.292998696227514,-4.087149957707013,73.67954977544898
1,5.061576086013659,-14.04836373315371,20.98413388339803
1,-13.208338339326518,11.856790642687823,54.2841139212034
1,0.17094746147198014,0.7997405345283946,63.509032169548334
1,-11.829191654068007,-0.9106652159541098,68.59989843957193
1,-6.257507370609462,5.786531094351786,58.561413292992185
1,-12.015562418896263,2.385910515488135,89.28636740427191
1,-27.486779871374964,8.905665017162484,77.14868021862458
1,1.0946330525341914,-0.7640524564175707,68.76346496403471
1,-3.3792238289843555,5.588730962066023,86.38818243067382
1,-16.968169471067583,5.518706233344347,20.425796581201595
1,11.34113318985184,-5.103011943695645,72.0128212706075
1,5.144911523151752,-5.914354148047447,26.60234711856296
1,11.198766962946914,-10.40066157002829,39.312768771946594
1,3.492209231754397,1.2423923190861033,77.39986662799724
1,12.608657824471356,-2.3787614064774676,24.329242262947105
1,20.537196803915172,-12.993764245821243,91.60237926162752
1,15.292426716205235,-4.47132786816727,28.38813386366104
1,-6.78787168339004,9.001994498197499,50.629880912504674
1,-13.389386657254216,-5.019307166614239,50.414202081326366
1,-0.7275698596298036,1.8661766790229266,91.54158281982329
1,-5.296543530835932,-1.7344295811555224,63.586555050472995
1,-10.502466228941708,2.8876426782179108,89.3432261281358
1,-5.878053793507423,-7.4849122422661205,52.6966937719568
1,-5.533366097196161,3.5485188055263657,56.22137466465244
1,21.951370694177527,-13.241534422106694,90.86206713647043
1,-15.59318307121798,-1.4750463237532339,41.573885612253406
1,-14.2372032980867,-1.8095311091999389,77.02546822549058
1,3.234931572722341,4.15053442255479,72.39500495217652
1,-9.809415335927374,1.405364294676636,44.391610474857416
1,19.6956065947904,-6.749034193393184,51.80605606261243
1,-11.532898292169698,-3.1321345022020934,97.8512554029931
1,-9.339785207019277,-2.6529042391422917,25.26171366349371
1,7.450254500431849,0.16608345248313672,58.268185051867185
1,-2.1586065379182564,-12.563466959795354,70.97545010712437
1,-3.322274617635788,-10.457304705668795,32.315467358670986
1,-22.91414297435582,-4.5705719896238195,99.9103370511219
1,-6.733919618027796,-4.948134904466183,69.15681602272915
1,4.43519675310428,-5.19043292064773,73.29610426873359
1,-17.27547652141021,6.968682759743731,59.25918677256777
1,-2.084601007163309,-12.279461750408908,89.55898026430339
1,3.571121045691169,-11.069285322147634,23.593776699499443
1,7.4896473874147835,1.0690043055476353,99.4337687836375
1,10.237487964605869,10.171022600329326,34.99921754631083
1,-4.136975745380832,6.912107631100018,93.13922615297551
1,10.039849495083958,4.16178525528053,73.1815979004856
1,3.1010343347790963,5.744953720051102,64.84302801087495
1,7.620264269228309,-5.450353449736443,85.45293547158388
1,12.308802898467215,0.7497389979267481,44.14655879788342
1,-6.182396419521947,-0.14738330439622008,44.43054944496903
1,-5.661063918836469,-5.577695091289293,42.03176933483911
1,0.3449553714640063,-11.068887206045238,49.10030454266011
1,12.419218638105239,-7.864160708190294,66.98480743816452
1,-1.6754724497590094,-4.625785023147184,26.879130883699375
1,-17.962541171157614,-21.049298446492095,42.269962484410726
1,-2.2962128177197445,0.03963535785790853,47.02398984526547
1,14.35977372337824,4.280757456707677,59.62236164124198
1,-11.850664843420283,-5.582469152160711,56.768151371895414
1,-5.596408176481834,2.252158918963711,25.390872255701424
1,-3.002181880707406,-2.8817983674136505,66.13566570136166
1,12.039010850488971,-7.171585276379696,36.16263107400539
1,12.715695770646937,-8.55299651006139,44.388111120063236
1,-8.73697101689386,-3.8304865691077223,41.703917321335936
1,6.728708888440664,-1.3112834177481583,94.9768535896436
1,-3.6476742597028573,-2.7821369357655876,68.41578735439887
1,4.187358866100228,9.595304556336302,53.50361982956209
1,6.339551967415608,-4.591175749199611,94.47206343409802
1,7.499489160229806,-5.298971863684121,96.98835221689023
1,-15.986620440032292,-4.2791805175894195,72.16279680148536
1,-14.239416802951494,5.6062513081408065,52.2165947026764
1,-15.811862458963484,5.521575701874177,85.64314814895643
1,-10.470555751991581,-7.559281125077947,50.71134139782946
1,7.062118935417561,-2.448061248697147,49.781295767513576
1,39.053961896851355,2.550370362561788,72.04294138472841
1,0.3717792413286519,2.384701727387083,66.92001620442514
1,-0.10703327565658827,-0.4805314254486476,93.0622181456208
1,3.572613964904933,-6.30455434569746,90.37718480665299
1,-6.40585113870708,-4.006071653149191,54.24353146443208
1,-17.195078105810225,-4.018944832064834,63.60078716164446
1,-14.668866784104067,-13.702466890679881,88.19733336796969
1,-12.333763512950048,8.804689276043923,63.36665028346289
1,9.91824865345369,-3.047409958122114,42.924485481619996
1,14.965379921799963,-4.7952868409172815,94.01387233514416
1,1.976342590681625,0.04491575805568825,26.670053347590326
1,-12.654647323376112,8.899300849230448,45.31769419897634
1,17.174263484326914,17.765064232284463,23.61839681307066
1,5.224042727525347,-3.0911713669956464,47.874833714779896
1,12.607631959352517,-0.9446423840026242,92.65904708836155
1,-5.518741830100866,-11.406169970399636,42.52267076477088
1,7.727441983957326,-4.1732897102381665,80.00814814521111
1,4.48964344672384,-0.4289033446621894,32.45152548139279
1,-0.8519443466297653,8.382800797614069,22.595060480737686
1,7.152106316694717,-0.03066378611004765,20.959631131260977
1,-0.3155582270478046,3.5628441100987933,75.20001660002829
1,13.080121999492683,-11.024488186875185,39.999765797031586
1,10.62932071088952,1.0414583783830158,32.80313850538248
1,7.92578274416618,3.6323309480227177,86.32907045470556
